model,feature,importance
cmfbe_stgcn,songpu_resuspension_potential,0.0311749130487442
cmfbe_stgcn,songpu_water_level_m_1d_diff,0.028373897075653076
cmfbe_stgcn,humidity,0.02642185240983963
cmfbe_stgcn,huangdu_flow_m3s,0.024602320045232773
cmfbe_stgcn,huangdu_flow_m3s_abs,0.024584181606769562
cmfbe_stgcn,huangdu_flow_m3s_3d_mean,0.024453775957226753
cmfbe_stgcn,runoff_sediment_pulse,0.022037213668227196
cmfbe_stgcn,precipitation_3d,0.02177141048014164
cmfbe_stgcn,nh3_n,0.021582121029496193
cmfbe_stgcn,wind_speed,0.020286163315176964
cmfbe_stgcn,air_temp,0.020135169848799706
cmfbe_stgcn,huangdu_flow_m3s_1d_diff,0.020080043002963066
cmfbe_stgcn,songpu_flow_level_coupling,0.019673466682434082
cmfbe_stgcn,songpu_flow_m3s,0.01963953487575054
cmfbe_stgcn,huangdu_water_level_m,0.0195835642516613
cmfbe_stgcn,songpu_flow_rise_flag,0.019466517493128777
cmfbe_stgcn,tn,0.018892163410782814
cmfbe_stgcn,water_temp,0.018746977671980858
cmfbe_stgcn,huangdu_flow_level_coupling,0.018746860325336456
cmfbe_stgcn,wind_dir_cos,0.018579421564936638
cmfbe_stgcn,runoff_proxy,0.018324581906199455
cmfbe_stgcn,songpu_flow_m3s_reverse_flag,0.018236320465803146
cmfbe_stgcn,songpu_flow_m3s_1d_diff,0.018143679946660995
cmfbe_stgcn,huangdu_flow_m3s_7d_mean,0.018090078607201576
cmfbe_stgcn,hydrodynamic_intensity,0.018007958307862282
cmfbe_stgcn,huangdu_water_level_m_1d_diff,0.017667556181550026
cmfbe_stgcn,conductivity,0.0175737664103508
cmfbe_stgcn,dayofyear_cos,0.017383165657520294
cmfbe_stgcn,huangdu_water_level_m_3d_mean,0.017305396497249603
cmfbe_stgcn,mixing_proxy,0.01724892109632492
cmfbe_stgcn,songpu_flow_m3s_7d_mean,0.017200104892253876
cmfbe_stgcn,turbidity,0.01630399003624916
cmfbe_stgcn,songpu_flushing_potential,0.015829691663384438
cmfbe_stgcn,conductivity_anomaly,0.01580795831978321
cmfbe_stgcn,ph,0.015554623678326607
cmfbe_stgcn,settling_index,0.015515172854065895
cmfbe_stgcn,songpu_water_level_m,0.015286041423678398
cmfbe_stgcn,pressure,0.01527057308703661
cmfbe_stgcn,self_purification_index,0.015259424224495888
cmfbe_stgcn,precipitation,0.015189114026725292
cmfbe_stgcn,water_air_temp_gap,0.015152637846767902
cmfbe_stgcn,tp,0.01511652022600174
cmfbe_stgcn,dissolved_oxygen,0.01493323314934969
cmfbe_stgcn,songpu_flow_m3s_abs,0.014913004823029041
cmfbe_stgcn,songpu_tidal_pumping_proxy,0.014894047752022743
cmfbe_stgcn,pressure_drop,0.014299805276095867
cmfbe_stgcn,dayofyear_sin,0.01417457778006792
cmfbe_stgcn,nutrient_risk_index,0.01401657983660698
cmfbe_stgcn,songpu_flow_m3s_3d_mean,0.013950527645647526
cmfbe_stgcn,precipitation_7d,0.01389812957495451
cmfbe_stgcn,wind_dir_sin,0.013657966628670692
cmfbe_stgcn,resuspension_index,0.013627802953124046
cmfbe_stgcn,songpu_water_level_m_3d_mean,0.0135947959497571
cmfbe_stgcn,huangdu_flow_rise_flag,0.013423765078186989
cmfbe_stgcn,codmn,0.013421387411653996
cmfbe_stgcn,huangdu_flow_m3s_reverse_flag,0.012895548716187477
mscim,huangdu_flow_m3s_7d_mean,0.02386389672756195
mscim,huangdu_flow_m3s,0.023177387192845345
mscim,wind_speed,0.022412773221731186
mscim,dayofyear_sin,0.021873580291867256
mscim,songpu_flow_m3s_3d_mean,0.02130883000791073
mscim,water_temp,0.021113604307174683
mscim,tn,0.02084469422698021
mscim,conductivity,0.020527640357613564
mscim,humidity,0.02027415670454502
mscim,huangdu_flow_level_coupling,0.019935382530093193
mscim,wind_dir_sin,0.019597742706537247
mscim,huangdu_flow_m3s_3d_mean,0.019182348623871803
mscim,songpu_flow_rise_flag,0.018895424902439117
mscim,huangdu_water_level_m_3d_mean,0.018883902579545975
mscim,wind_dir_cos,0.018772626295685768
mscim,self_purification_index,0.018674982711672783
mscim,huangdu_flow_rise_flag,0.018625106662511826
mscim,nh3_n,0.01853569597005844
mscim,runoff_sediment_pulse,0.018501587212085724
mscim,precipitation_3d,0.018452048301696777
mscim,runoff_proxy,0.018229007720947266
mscim,songpu_water_level_m,0.01806585304439068
mscim,mixing_proxy,0.01802878826856613
mscim,songpu_flow_level_coupling,0.01778162643313408
mscim,songpu_flow_m3s_7d_mean,0.017600927501916885
mscim,air_temp,0.017577430233359337
mscim,turbidity,0.017533713951706886
mscim,dayofyear_cos,0.01742510125041008
mscim,precipitation_7d,0.01740310713648796
mscim,huangdu_water_level_m_1d_diff,0.017391500994563103
mscim,songpu_flushing_potential,0.017265498638153076
mscim,settling_index,0.017201406881213188
mscim,pressure,0.017177948728203773
mscim,songpu_flow_m3s,0.017019430175423622
mscim,hydrodynamic_intensity,0.01699558086693287
mscim,songpu_flow_m3s_1d_diff,0.01696837693452835
mscim,songpu_tidal_pumping_proxy,0.016867609694600105
mscim,dissolved_oxygen,0.01685941033065319
mscim,conductivity_anomaly,0.01685536652803421
mscim,nutrient_risk_index,0.01669040136039257
mscim,huangdu_flow_m3s_1d_diff,0.016677653416991234
mscim,codmn,0.016637925058603287
mscim,ph,0.01659972220659256
mscim,pressure_drop,0.016533322632312775
mscim,huangdu_flow_m3s_abs,0.016494404524564743
mscim,huangdu_water_level_m,0.016484638676047325
mscim,resuspension_index,0.016461428254842758
mscim,tp,0.01606421172618866
mscim,songpu_water_level_m_3d_mean,0.01598074659705162
mscim,songpu_water_level_m_1d_diff,0.01584327593445778
mscim,huangdu_flow_m3s_reverse_flag,0.015436764806509018
mscim,water_air_temp_gap,0.015132840722799301
mscim,songpu_resuspension_potential,0.014876270666718483
mscim,songpu_flow_m3s_reverse_flag,0.013817652128636837
mscim,precipitation,0.013331260532140732
mscim,songpu_flow_m3s_abs,0.01323638204485178
mscim_no_kg,dayofyear_cos,0.023687532171607018
mscim_no_kg,conductivity_anomaly,0.02211436629295349
mscim_no_kg,songpu_resuspension_potential,0.021413816139101982
mscim_no_kg,songpu_flow_m3s_7d_mean,0.020895937457680702
mscim_no_kg,songpu_flow_m3s_1d_diff,0.020699119195342064
mscim_no_kg,huangdu_water_level_m_1d_diff,0.020659612491726875
mscim_no_kg,songpu_flow_rise_flag,0.02065160684287548
mscim_no_kg,huangdu_water_level_m_3d_mean,0.020351555198431015
mscim_no_kg,huangdu_flow_m3s_abs,0.020148925483226776
mscim_no_kg,huangdu_flow_m3s_3d_mean,0.019995562732219696
mscim_no_kg,songpu_water_level_m_3d_mean,0.019726769998669624
mscim_no_kg,songpu_tidal_pumping_proxy,0.01945052668452263
mscim_no_kg,nutrient_risk_index,0.019265195354819298
mscim_no_kg,huangdu_flow_m3s,0.019158614799380302
mscim_no_kg,runoff_sediment_pulse,0.01893361285328865
mscim_no_kg,resuspension_index,0.018869880586862564
mscim_no_kg,precipitation,0.018773892894387245
mscim_no_kg,precipitation_7d,0.018678639084100723
mscim_no_kg,pressure,0.018583647906780243
mscim_no_kg,songpu_flow_m3s_reverse_flag,0.018409397453069687
mscim_no_kg,precipitation_3d,0.018353374674916267
mscim_no_kg,dayofyear_sin,0.018281565979123116
mscim_no_kg,self_purification_index,0.01822000928223133
mscim_no_kg,air_temp,0.018144648522138596
mscim_no_kg,ph,0.01792837679386139
mscim_no_kg,huangdu_flow_m3s_reverse_flag,0.017891114577651024
mscim_no_kg,tp,0.017816372215747833
mscim_no_kg,songpu_flow_m3s_3d_mean,0.017806369811296463
mscim_no_kg,dissolved_oxygen,0.0176691934466362
mscim_no_kg,humidity,0.017561174929142
mscim_no_kg,huangdu_flow_m3s_1d_diff,0.017383448779582977
mscim_no_kg,nh3_n,0.017352651804685593
mscim_no_kg,water_temp,0.017283815890550613
mscim_no_kg,hydrodynamic_intensity,0.017145834863185883
mscim_no_kg,runoff_proxy,0.017044123262166977
mscim_no_kg,water_air_temp_gap,0.017006022855639458
mscim_no_kg,songpu_flushing_potential,0.016990341246128082
mscim_no_kg,wind_dir_cos,0.016624093055725098
mscim_no_kg,tn,0.016597919166088104
mscim_no_kg,conductivity,0.01654275320470333
mscim_no_kg,songpu_flow_m3s_abs,0.01651359722018242
mscim_no_kg,huangdu_flow_m3s_7d_mean,0.016484888270497322
mscim_no_kg,songpu_flow_m3s,0.016339022666215897
mscim_no_kg,huangdu_water_level_m,0.016309509053826332
mscim_no_kg,turbidity,0.01610100455582142
mscim_no_kg,huangdu_flow_level_coupling,0.015892334282398224
mscim_no_kg,pressure_drop,0.015737148001790047
mscim_no_kg,wind_speed,0.015694307163357735
mscim_no_kg,songpu_flow_level_coupling,0.01548781804740429
mscim_no_kg,settling_index,0.015472427941858768
mscim_no_kg,huangdu_flow_rise_flag,0.015404839999973774
mscim_no_kg,songpu_water_level_m,0.015293890610337257
mscim_no_kg,wind_dir_sin,0.015255727805197239
mscim_no_kg,songpu_water_level_m_1d_diff,0.014903932809829712
mscim_no_kg,codmn,0.014752930961549282
mscim_no_kg,mixing_proxy,0.014245239086449146
