asset_id,sample_date,media_type,file_name,source_path,file_size_bytes,file_modified_at,image_width,image_height,brightness_mean,saturation_mean,red_mean,green_mean,blue_mean,green_index,brown_yellow_index,dark_water_ratio,high_glare_ratio,vegetation_like_ratio,turbidity_visual_proxy,sharpness_laplacian,preview_path,frame_count,fps,duration_seconds,representative_frame_paths,video_opened,brightness_mean_std,saturation_mean_std,red_mean_std,green_mean_std,blue_mean_std,green_index_std,brown_yellow_index_std,dark_water_ratio_std,high_glare_ratio_std,vegetation_like_ratio_std,turbidity_visual_proxy_std,sharpness_laplacian_std,sampled_frame_count
uav_2026-06-07_ptgtmp_JLO6WJ,2026-06-07,image,_ptgtmp_JLO6WJ.jpg,data/raw/zhangjiabang_uav/2026.6.7/_ptgtmp_JLO6WJ.jpg,195629,2026-07-19T13:13:34,576,1354,160.7296600341797,76.83456420898438,159.9405517578125,152.50852966308594,113.82936096191406,-0.018900537863373756,0.10469792783260345,0.05166852705321619,0.0,0.04511722717944855,0.10469792783260345,201.3915101718091,data/processed/zhangjiabang_cross_modal/thumbnails/ptgtmp_JLO6WJ.jpg,,,,,,,,,,,,,,,,,,
uav_2026-06-28_AHMX1848_6.28,2026-06-28,image,AHMX1848 6.28.jpg,data/raw/zhangjiabang_uav/2026.6.28/AHMX1848 6.28.jpg,31355536,2026-07-19T13:10:26,7363,14427,154.5839080810547,92.5301513671875,153.15292358398438,150.04473876953125,99.03472137451172,-0.005553285125643015,0.1346103399991989,0.07496030417229113,0.001804212843514122,0.06887527239020008,0.13436747429490256,105.14720721246715,data/processed/zhangjiabang_cross_modal/thumbnails/AHMX1848_6.28.jpg,,,,,,,,,,,,,,,,,,
uav_2026-07-06_0706,2026-07-06,image,0706.jpg,data/raw/zhangjiabang_uav/2026.7.6/0706.jpg,287935,2026-07-19T13:08:00,707,1354,178.9148406982422,84.85188293457031,177.2798614501953,166.79254150390625,122.65922546386719,-0.02123594842851162,0.11598861217498779,0.09446541861095334,0.0009614706417352503,0.08755879263045746,0.11587709252960593,799.0662350582679,data/processed/zhangjiabang_cross_modal/thumbnails/0706.jpg,,,,,,,,,,,,,,,,,,
uav_2026-07-06_0706,2026-07-06,video,0706.mp4,data/raw/zhangjiabang_uav/2026.7.6/0706.mp4,675611218,2026-07-19T13:09:36,3840,2160,108.32569885253906,89.75544128417968,107.05016479492187,98.06903991699218,72.93837432861328,-0.033130566403269765,0.1216907650232315,0.16869759941713142,8.57159694208279e-08,0.09203370780497475,0.12169075468197907,5.015247514967106,data/processed/zhangjiabang_cross_modal/video_frames/0706/frame_01.jpg,3008.0,60.0,50.13333333333333,data/processed/zhangjiabang_cross_modal/video_frames/0706/frame_01.jpg;data/processed/zhangjiabang_cross_modal/video_frames/0706/frame_02.jpg;data/processed/zhangjiabang_cross_modal/video_frames/0706/frame_03.jpg;data/processed/zhangjiabang_cross_modal/video_frames/0706/frame_04.jpg;data/processed/zhangjiabang_cross_modal/video_frames/0706/frame_05.jpg,True,1.4358154541038066,2.0069895937631173,1.535252696441677,1.1321196466025463,1.3846714748640445,0.004048978396311529,0.004627524676932684,0.014316786824418174,1.0498019394451726e-07,0.011897792797551609,0.00462752660578957,0.9400896340788981,5.0
uav_2026-07-13_7.13-,2026-07-13,video,7.13-这天台风还没走 风大飞的有点不太稳 没拍好.MP4,data/raw/zhangjiabang_uav/2026.7.13/7.13-这天台风还没走 风大飞的有点不太稳 没拍好.MP4,4095974278,2026-07-22T07:26:40,3840,2160,139.81802673339843,41.609249877929685,138.85501403808593,135.10751647949218,117.9394317626953,-0.01125886719673872,0.051471760123968126,0.07372614819219662,3.385780792122703e-06,0.09690447490932859,0.05147158647267741,27.24192626735723,data/processed/zhangjiabang_cross_modal/video_frames/7.13-/frame_01.jpg,17984.0,59.94005994005994,300.0330666666667,data/processed/zhangjiabang_cross_modal/video_frames/7.13-/frame_01.jpg;data/processed/zhangjiabang_cross_modal/video_frames/7.13-/frame_02.jpg;data/processed/zhangjiabang_cross_modal/video_frames/7.13-/frame_03.jpg;data/processed/zhangjiabang_cross_modal/video_frames/7.13-/frame_04.jpg;data/processed/zhangjiabang_cross_modal/video_frames/7.13-/frame_05.jpg,True,3.557911827604878,0.7070296052778923,3.698081036240464,3.8040566411117602,3.163641984880272,0.0010467405507522468,0.001016268092000959,0.014023850164979972,4.0690265392217364e-06,0.024541993464135888,0.001016298963083632,6.786000746257913,5.0
uav_2026-07-21_7.21,2026-07-21,image,7.21.jpg,data/raw/zhangjiabang_uav/2026.7.21/7.21.jpg,277972,2026-07-22T06:58:50,700,1354,175.3882598876953,57.79534912109375,172.55043029785156,170.0120086669922,139.50975036621094,-0.0014512597117573023,0.07851634919643402,0.033790473190378686,0.002465705135416901,0.12019703140352062,0.0783227510310062,496.3788726567893,data/processed/zhangjiabang_cross_modal/thumbnails/7.21.jpg,,,,,,,,,,,,,,,,,,
uav_2026-07-21_0721,2026-07-21,video,0721.mp4,data/raw/zhangjiabang_uav/2026.7.21/0721.mp4,567501009,2026-07-22T07:00:02,3840,2160,79.00955505371094,42.31468887329102,78.42532501220703,75.03858032226563,66.26475219726562,-0.0192764014005661,0.04978857040405273,0.9644255155011973,0.0,0.07588554775183085,0.04978857040405273,15.251593312509936,data/processed/zhangjiabang_cross_modal/video_frames/0721/frame_01.jpg,2528.0,60.0,42.13333333333333,data/processed/zhangjiabang_cross_modal/video_frames/0721/frame_01.jpg;data/processed/zhangjiabang_cross_modal/video_frames/0721/frame_02.jpg;data/processed/zhangjiabang_cross_modal/video_frames/0721/frame_03.jpg;data/processed/zhangjiabang_cross_modal/video_frames/0721/frame_04.jpg;data/processed/zhangjiabang_cross_modal/video_frames/0721/frame_05.jpg,True,3.0927667904724574,0.9836685430786898,3.1117557677540018,2.6946704021082932,2.8504746491538375,0.0015136449723275572,0.0018726457664241629,0.028196309261230103,0.0,0.008329611574847748,0.0018726457664241629,2.3157355292771054,5.0
uav_2026-07-28_7.28-2,2026-07-28,image,7.28-2.jpg,data/raw/zhangjiabang_uav/2026.7.28/7.28-2.jpg,224852,2026-07-27T17:25:10,691,1354,160.2706298828125,63.42091751098633,158.73851013183594,150.59971618652344,122.77953338623047,-0.018777403980493546,0.08149033039808273,0.08754704786526252,4.942402007375584e-05,0.102632779530852,0.08148630281835732,381.2593992153953,data/processed/zhangjiabang_cross_modal/thumbnails/7.28-2.jpg,,,,,,,,,,,,,,,,,,
uav_2026-07-28_0728-1,2026-07-28,video,0728-1.mp4,data/raw/zhangjiabang_uav/2026.7.28/0728-1.mp4,396628403,2026-07-27T17:25:50,3840,2160,157.20498046875,54.86824417114258,155.73775634765624,149.02354431152344,124.85987548828125,-0.01768702007830143,0.06885019689798355,0.059720244504802775,1.6628898067640616e-05,0.09554047668793494,0.0688490191065811,65.00992713400069,data/processed/zhangjiabang_cross_modal/video_frames/0728-1/frame_01.jpg,1758.0,60.0,29.3,data/processed/zhangjiabang_cross_modal/video_frames/0728-1/frame_01.jpg;data/processed/zhangjiabang_cross_modal/video_frames/0728-1/frame_02.jpg;data/processed/zhangjiabang_cross_modal/video_frames/0728-1/frame_03.jpg;data/processed/zhangjiabang_cross_modal/video_frames/0728-1/frame_04.jpg;data/processed/zhangjiabang_cross_modal/video_frames/0728-1/frame_05.jpg,True,1.096087349649002,1.2489179409136555,1.0546903813552353,1.0123144237264279,1.158835038569501,0.0005885294362368014,0.002159820478792369,0.009155856211250134,3.017049925226452e-05,0.00752673520246577,0.0021587355299014363,9.678010331826915,5.0
