station_code,station_name,province,city,basin,river,longitude,latitude,start_date,end_date,raw_rows,daily_rows,is_available,availability_note,source_file
2196,七效港西桥,上海市,崇明区,长江流域,北横引河,121.798307,31.579754,2020-12-17,2025-10-31,8177,1617,True,,水质数据/2020-2025年上海市重点流域断面水质数据/上海市_崇明区_长江流域_北横引河_七效港西桥_2196.csv
2197,三沙洪交汇口,上海市,崇明区,长江流域,南横引河,121.384665,31.626252,2020-12-17,2025-10-31,8095,1618,True,,水质数据/2020-2025年上海市重点流域断面水质数据/上海市_崇明区_长江流域_南横引河_三沙洪交汇口_2197.csv
2198,三甲港,上海市,浦东新区,太湖流域,川杨河,121.785769,31.193231,2020-12-17,2025-10-31,7739,1559,True,,水质数据/2020-2025年上海市重点流域断面水质数据/上海市_浦东新区_太湖流域_川杨河_三甲港_2198.csv
2199,临江,上海市,徐汇区,太湖流域,黄浦江,121.194699,31.801399,2020-12-17,2025-10-31,7161,1444,True,,水质数据/2020-2025年上海市重点流域断面水质数据/上海市_徐汇区_太湖流域_黄浦江_临江_2199.csv
2200,二团,上海市,浦东新区,太湖流域,大治河,121.754522,31.013867,2020-12-17,2025-10-31,7935,1580,True,,水质数据/2020-2025年上海市重点流域断面水质数据/上海市_浦东新区_太湖流域_大治河_二团_2200.csv
2201,五效,上海市,崇明区,长江流域,南横引河,121.6762,31.535298,2020-12-17,2025-10-31,8103,1608,True,,水质数据/2020-2025年上海市重点流域断面水质数据/上海市_崇明区_长江流域_南横引河_五效_2201.csv
2202,前卫村桥,上海市,崇明区,长江流域,北横引河,121.745275,31.362887,2020-12-17,2025-10-31,8166,1623,True,,水质数据/2020-2025年上海市重点流域断面水质数据/上海市_崇明区_长江流域_北横引河_前卫村桥_2202.csv
2203,太浦河桥,上海市,青浦区,太湖流域,太浦河,121.041476,31.023111,2020-12-17,2025-10-31,7881,1574,True,,水质数据/2020-2025年上海市重点流域断面水质数据/上海市_青浦区_太湖流域_太浦河_太浦河桥_2203.csv
2204,急水港桥,上海市,青浦区,太湖流域,急水港,120.9170361,31.1155091,2014-04-03,2025-10-31,9182,3022,True,,水质数据/2020-2025年上海市重点流域断面水质数据/上海市_青浦区_太湖流域_急水港_急水港桥_2204.csv
2205,斜塘口,上海市,松江区,太湖流域,园泄泾,121.12989,31.005464,2020-12-17,2025-10-31,7940,1581,True,,水质数据/2020-2025年上海市重点流域断面水质数据/上海市_松江区_太湖流域_园泄泾_斜塘口_2205.csv
2206,横潦泾,上海市,松江区,太湖流域,大泖港,121.204222,30.949895,2020-12-17,2025-10-31,7693,1564,True,,水质数据/2020-2025年上海市重点流域断面水质数据/上海市_松江区_太湖流域_大泖港_横潦泾_2206.csv
2207,淀峰,上海市,青浦区,太湖流域,黄浦江,120.985569,31.088307,2020-12-17,2025-10-31,7794,1578,True,,水质数据/2020-2025年上海市重点流域断面水质数据/上海市_青浦区_太湖流域_黄浦江_淀峰_2207.csv
2208,蕴川路桥,上海市,宝山区,太湖流域,新练祁河,121.423992,31.40073,2020-12-17,2024-11-18,5669,1209,True,,水质数据/2020-2025年上海市重点流域断面水质数据/上海市_宝山区_太湖流域_新练祁河_蕴川路桥_2208.csv
2209,钱桥,上海市,奉贤区,太湖流域,金汇港,121.541336,30.872458,2020-12-17,2025-10-31,7952,1600,True,,水质数据/2020-2025年上海市重点流域断面水质数据/上海市_奉贤区_太湖流域_金汇港_钱桥_2209.csv
2210,闵行西界(松浦大桥),上海市,闵行区,太湖流域,黄浦江,121.312408,30.96988,2020-12-17,2025-10-31,7457,1517,True,,水质数据/2020-2025年上海市重点流域断面水质数据/上海市_闵行区_太湖流域_黄浦江_闵行西界(松浦大桥)_2210.csv
2211,黄渡,上海市,嘉定区,太湖流域,苏州河,121.225288,31.276424,2020-12-17,2025-10-31,7589,1551,True,,水质数据/2020-2025年上海市重点流域断面水质数据/上海市_嘉定区_太湖流域_苏州河_黄渡_2211.csv
2586,吴淞口,上海市,宝山区,太湖流域,黄浦江,121.522058,31.392691,2020-12-17,2025-10-31,7789,1550,True,,水质数据/2020-2025年上海市重点流域断面水质数据/上海市_宝山区_太湖流域_黄浦江_吴淞口_2586.csv
2587,明星路桥,上海市,上海市,太湖流域,面杖港,121.571838,30.924535,2021-04-24,2025-10-31,7478,1372,True,,水质数据/2020-2025年上海市重点流域断面水质数据/上海市_上海市_太湖流域_面杖港_明星路桥_2587.csv
2588,汾湖大桥(界标),上海市,青浦区,太湖流域,太浦河,120.872697,31.032082,2020-12-17,2022-06-14,1548,454,True,,水质数据/2020-2025年上海市重点流域断面水质数据/上海市_青浦区_太湖流域_太浦河_汾湖大桥(界标)_2588.csv
2589,浙江路桥,上海市,静安区,太湖流域,苏州河,121.476553,31.241434,2021-03-28,2025-10-31,7734,1478,True,,水质数据/2020-2025年上海市重点流域断面水质数据/上海市_静安区_太湖流域_苏州河_浙江路桥_2589.csv
3787,明星路桥（撤销）,上海市,上海市,太湖流域,面杖港,121.571838,30.924535,2021-08-02,2021-08-02,1,1,False,withdrawn_station,水质数据/2020-2025年上海市重点流域断面水质数据/上海市_上海市_太湖流域_面杖港_明星路桥（撤销）_3787.csv
3788,青草沙进水口,上海市,上海市,长江流域,长江,121.678427,31.299897,2022-08-31,2022-08-31,1,1,False,too_few_observations,水质数据/2020-2025年上海市重点流域断面水质数据/上海市_上海市_长江流域_长江_青草沙进水口_3788.csv
6377,闵行西界,上海市,闵行区,太湖流域,黄浦江,,,2023-03-02,2023-03-03,7,2,False,too_few_observations,水质数据/2020-2025年上海市重点流域断面水质数据/上海市_闵行区_太湖流域_黄浦江_闵行西界_6377.csv
